{
  "configVersion": 1,
  "timestamp": 1681101236887,
  "index": "/index.html",
  "assetGroups": [
    {
      "name": "app",
      "installMode": "prefetch",
      "updateMode": "prefetch",
      "cacheQueryOptions": {
        "ignoreVary": true
      },
      "urls": [
        "/1033.9add2499d68cce2c.js",
        "/1118.dd96b4ea6756e9f3.js",
        "/1217.398b90f36d5c8922.js",
        "/1536.c99fcb9bc87c26f2.js",
        "/1709.10e85bb32e0fc5ec.js",
        "/2073.91f53e7b6d64b10b.js",
        "/2349.20191a4243702a04.js",
        "/2547.aea9d4e4493392a4.js",
        "/2773.a26dedbca10bd75a.js",
        "/2933.3c1fdcd049fc6341.js",
        "/3058.9a24700241c50a19.js",
        "/3326.3ab9e79243a87056.js",
        "/3583.271b7c111636e920.js",
        "/3648.fbd03ac08bd62cd3.js",
        "/3804.3016207cd86709af.js",
        "/388.65b82410e23233f1.js",
        "/4174.97a55d19f1c327ba.js",
        "/4330.2f8fbfea596f475b.js",
        "/4376.7acdae85540b379f.js",
        "/438.49e63bb197fbd364.js",
        "/4432.d4acb0d75b231a13.js",
        "/4711.6dd589588df71766.js",
        "/4753.06fc81cd0de6e1cb.js",
        "/4908.1be7ea15d713749b.js",
        "/4959.4d386dd8074a8d1a.js",
        "/5168.8b1f68de42797c3b.js",
        "/53.a617ff571dd8b837.js",
        "/5349.0401606bf1ed8b6b.js",
        "/5652.58c652e249118b29.js",
        "/5836.90f36c06647c0a38.js",
        "/6036.2ec362146c5b4f02.js",
        "/6120.fb737f01597bc2d4.js",
        "/6560.b979ecf3f0f13740.js",
        "/657.d0c24add22d2dcc8.js",
        "/7544.e53c27b9734d255e.js",
        "/7602.8fa5199908b6fec2.js",
        "/8034.be9fe6aa8e417fde.js",
        "/8136.5f95bd047307607a.js",
        "/8594.acb4be6d3b202c86.js",
        "/8628.2c6a11dbb385d5c3.js",
        "/8939.647b9fb65dd0851f.js",
        "/9016.03399dbb97e69799.js",
        "/9230.c4c8c7e9e48a9893.js",
        "/9292.c01526117ba5263c.js",
        "/9325.ae663b35ce17c77a.js",
        "/9434.af8b4b63dd8b65b1.js",
        "/9522.42c7bf3aa77edbd5.js",
        "/9536.2d750cd30ece04af.js",
        "/9654.4a86a903c75777b8.js",
        "/9824.6dc666f9fbde7446.js",
        "/9922.d63998fba88e8de7.js",
        "/9958.e86135a4708871df.js",
        "/common.a5e84e33171aa98a.js",
        "/index.html",
        "/main.e5af9fd3a8fee614.js",
        "/manifest.webmanifest",
        "/polyfills-core-js.9b71ceed1de7450c.js",
        "/polyfills-dom.5c5f23fb57b03028.js",
        "/polyfills.d4788768f8be496e.js",
        "/runtime.a209b92d2b69a771.js",
        "/styles.861b31f15a86af9d.css"
      ],
      "patterns": []
    },
    {
      "name": "assets",
      "installMode": "lazy",
      "updateMode": "prefetch",
      "cacheQueryOptions": {
        "ignoreVary": true
      },
      "urls": [
        "/assets/LogoThera.svg",
        "/assets/fonts/Nova pasta/OpenSans-Bold.ttf",
        "/assets/fonts/Nova pasta/OpenSans-BoldItalic.ttf",
        "/assets/fonts/Nova pasta/OpenSans-ExtraBold.ttf",
        "/assets/fonts/Nova pasta/OpenSans-ExtraBoldItalic.ttf",
        "/assets/fonts/Nova pasta/OpenSans-Italic.ttf",
        "/assets/fonts/Nova pasta/OpenSans-Light.ttf",
        "/assets/fonts/Nova pasta/OpenSans-LightItalic.ttf",
        "/assets/fonts/Nova pasta/OpenSans-Medium.ttf",
        "/assets/fonts/Nova pasta/OpenSans-MediumItalic.ttf",
        "/assets/fonts/Nova pasta/OpenSans-Regular.ttf",
        "/assets/fonts/Nova pasta/OpenSans-SemiBold.ttf",
        "/assets/fonts/Nova pasta/OpenSans-SemiBoldItalic.ttf",
        "/assets/fonts/OpenSans-Bold.ttf",
        "/assets/fonts/OpenSans-BoldItalic.ttf",
        "/assets/fonts/OpenSans-ExtraBold.ttf",
        "/assets/fonts/OpenSans-ExtraBoldItalic.ttf",
        "/assets/fonts/OpenSans-Italic.ttf",
        "/assets/fonts/OpenSans-Light.ttf",
        "/assets/fonts/OpenSans-LightItalic.ttf",
        "/assets/fonts/OpenSans-Medium.ttf",
        "/assets/fonts/OpenSans-MediumItalic.ttf",
        "/assets/fonts/OpenSans-Regular.ttf",
        "/assets/fonts/OpenSans-SemiBold.ttf",
        "/assets/fonts/OpenSans-SemiBoldItalic.ttf",
        "/assets/icon/favicon.png",
        "/assets/icons/icon-128x128.png",
        "/assets/icons/icon-144x144.png",
        "/assets/icons/icon-152x152.png",
        "/assets/icons/icon-192x192.png",
        "/assets/icons/icon-384x384.png",
        "/assets/icons/icon-512x512.png",
        "/assets/icons/icon-72x72.png",
        "/assets/icons/icon-96x96.png",
        "/assets/sair.svg",
        "/assets/senha.svg",
        "/assets/shapes.svg",
        "/assets/usuario.png",
        "/assets/usuario.svg"
      ],
      "patterns": []
    }
  ],
  "dataGroups": [],
  "hashTable": {
    "/1033.9add2499d68cce2c.js": "e22b563ed4ae2ae51e5953e13a61799428fcb5f7",
    "/1118.dd96b4ea6756e9f3.js": "6db40834bd21f7f5262d9e460f81b0965bbb3ada",
    "/1217.398b90f36d5c8922.js": "704bbcd9f190f1fc0028fa5d1e2d1a9c072bafce",
    "/1536.c99fcb9bc87c26f2.js": "e65d31ac19f8988c14a57918c5b4092a5ca9cf3c",
    "/1709.10e85bb32e0fc5ec.js": "5c8e3933a2f109f745130a9caadaf5da07555aa2",
    "/2073.91f53e7b6d64b10b.js": "29bdc1bfb0a1f87bcf4fe5f06a2d6de0b49d5234",
    "/2349.20191a4243702a04.js": "6430c762607d019a453b5ff130d366c9511f3015",
    "/2547.aea9d4e4493392a4.js": "c04ab4b3128a41492ad7c70bb2e4833c706f1650",
    "/2773.a26dedbca10bd75a.js": "1cd0be22c0c83817a566648a0a1b7293e565e7bc",
    "/2933.3c1fdcd049fc6341.js": "0782733f2cd4565d1db8d6c205068805b9365f29",
    "/3058.9a24700241c50a19.js": "ae65e56e373623e0d6bb31b05944ff00738e7d29",
    "/3326.3ab9e79243a87056.js": "983272618c894438ede5a581f41e956ab9976ac9",
    "/3583.271b7c111636e920.js": "18cf1184d06203b5e4dc04515af98a6073d237a1",
    "/3648.fbd03ac08bd62cd3.js": "30177717342ba8a11a21cdaaa28d8fd232a8388a",
    "/3804.3016207cd86709af.js": "462dbb4d6c10194d6127d519eef0a996b1b5e29d",
    "/388.65b82410e23233f1.js": "19ddb2e46ff5f4429429777bda3468e8454b95eb",
    "/4174.97a55d19f1c327ba.js": "3783836e75ab27eb7db62ddd9a7344d7a1b0d67e",
    "/4330.2f8fbfea596f475b.js": "a30cc760bb14329dc6c94c9346d42d53797b92fc",
    "/4376.7acdae85540b379f.js": "3e42ca59e8ce476ff14f14e9b5f4da29799bb6d3",
    "/438.49e63bb197fbd364.js": "5325228496d71c7564119e62bd7d914fe7cedf1b",
    "/4432.d4acb0d75b231a13.js": "da081011b5a423d308ccab77bfaf591d76debbd7",
    "/4711.6dd589588df71766.js": "ffd2d8e84588d7c663f75c2426efef467702077b",
    "/4753.06fc81cd0de6e1cb.js": "172a63c9034d380c899f4dc5941fc66e57725102",
    "/4908.1be7ea15d713749b.js": "cd9d8e0666bb6b4e1e8e243646075c2757b8791a",
    "/4959.4d386dd8074a8d1a.js": "c0be677021974b82bb9f8fdd4262a59df71b87a0",
    "/5168.8b1f68de42797c3b.js": "6204c58b272a9cad523ebcbf287f594368984510",
    "/53.a617ff571dd8b837.js": "3e2344d8617ea715b02e5f76670e18e518f63c1b",
    "/5349.0401606bf1ed8b6b.js": "c88d60091a5764f7cbfd592e9ea0ab3a2268357e",
    "/5652.58c652e249118b29.js": "0c15569e274a19c319167eec0e2391caf7be0cb6",
    "/5836.90f36c06647c0a38.js": "ce67052a795a8f2389b4d11752c0e9e1501ebdeb",
    "/6036.2ec362146c5b4f02.js": "4f4d4f23348eb1fe2a1c04845a90e7293e487b06",
    "/6120.fb737f01597bc2d4.js": "31ec24581347107f83653d15740cd2c39c43048d",
    "/6560.b979ecf3f0f13740.js": "dbd336830a5a8b8688f537286f302c9bc6b230e6",
    "/657.d0c24add22d2dcc8.js": "fa43b69980aa868fb115a31ff1cefe7980ba78fe",
    "/7544.e53c27b9734d255e.js": "883d7eaa4e8e2a867654a509b90877c82f72942a",
    "/7602.8fa5199908b6fec2.js": "256b05279108b9d214335c3f2acfaf819cadd068",
    "/8034.be9fe6aa8e417fde.js": "e8356ee37146685a32c0bc736c60ea97503481e9",
    "/8136.5f95bd047307607a.js": "1b2f053fa8a21c3bf91c7b7d6b3adb2c044b6c84",
    "/8594.acb4be6d3b202c86.js": "40e2db48cda93b30bec4dcff1f7792a89af64624",
    "/8628.2c6a11dbb385d5c3.js": "948f1aadd21c7086f47fd1ee1ff18a310f15cac8",
    "/8939.647b9fb65dd0851f.js": "3113ab24385134f35e5b77e65a463e1d0065dc46",
    "/9016.03399dbb97e69799.js": "f2b4e76d7eef53621549c18c1f6b84bd389115b0",
    "/9230.c4c8c7e9e48a9893.js": "c9eebcf44bf1c74d53978d82777653d96504d66a",
    "/9292.c01526117ba5263c.js": "13fcfceed1e5e19e0457fd1124f6aff81efd5825",
    "/9325.ae663b35ce17c77a.js": "b667bfb7e5cadbfded577fbcbe7dce5a62032e8b",
    "/9434.af8b4b63dd8b65b1.js": "315157be15c5288b041865127e73833f8f97ca29",
    "/9522.42c7bf3aa77edbd5.js": "114b65f05fae865a1886998a39097d7f5c5a83ab",
    "/9536.2d750cd30ece04af.js": "61c207ce2fd65b71b6e56ce322a3c7602dec0bc8",
    "/9654.4a86a903c75777b8.js": "723d693f0362d3670ef73dec3b858b2b09915033",
    "/9824.6dc666f9fbde7446.js": "7c9157513762bb2e87ca6eb64a658a3fd28d460f",
    "/9922.d63998fba88e8de7.js": "96e80564a65f3c88c40a4bce38d95a16a8fa64ac",
    "/9958.e86135a4708871df.js": "e88a4f095416027f296ca268b81c6ff24a7cd9b8",
    "/assets/LogoThera.svg": "ba8975c5e3870c9abc707d28dc4bc0b9149de9c4",
    "/assets/fonts/Nova pasta/OpenSans-Bold.ttf": "c23ede86996d8239865bcd04c806e3789aaa0b94",
    "/assets/fonts/Nova pasta/OpenSans-BoldItalic.ttf": "21bb3301498eea8b9c5abb1e8a065276105981a0",
    "/assets/fonts/Nova pasta/OpenSans-ExtraBold.ttf": "d26cd8614e40a2dda56953b863e255f1c798c245",
    "/assets/fonts/Nova pasta/OpenSans-ExtraBoldItalic.ttf": "761181538f88bb8cb16fac503b634e92df17f374",
    "/assets/fonts/Nova pasta/OpenSans-Italic.ttf": "051b6b2acbd0e33252870dc28045ba27ae0acd77",
    "/assets/fonts/Nova pasta/OpenSans-Light.ttf": "448dbc1e8add1538f788c9e34cdb701ed25ac993",
    "/assets/fonts/Nova pasta/OpenSans-LightItalic.ttf": "96925397a2560a1de4cf0984591a37f62aa6e8bb",
    "/assets/fonts/Nova pasta/OpenSans-Medium.ttf": "f886dd439250f2a8a7326f3f6b433adf34c96fe8",
    "/assets/fonts/Nova pasta/OpenSans-MediumItalic.ttf": "b845bb5a4e11ee484942b4b326d6bec37526933a",
    "/assets/fonts/Nova pasta/OpenSans-Regular.ttf": "9a19a459ca7bca15d2de8269b80411f2b4a71ccf",
    "/assets/fonts/Nova pasta/OpenSans-SemiBold.ttf": "30fcdd8f737e6a86abda2d643d2f23c5286c4663",
    "/assets/fonts/Nova pasta/OpenSans-SemiBoldItalic.ttf": "4c5aa8cc443dc8d478f9126cd2c17720a3eeabfb",
    "/assets/fonts/OpenSans-Bold.ttf": "c23ede86996d8239865bcd04c806e3789aaa0b94",
    "/assets/fonts/OpenSans-BoldItalic.ttf": "21bb3301498eea8b9c5abb1e8a065276105981a0",
    "/assets/fonts/OpenSans-ExtraBold.ttf": "d26cd8614e40a2dda56953b863e255f1c798c245",
    "/assets/fonts/OpenSans-ExtraBoldItalic.ttf": "761181538f88bb8cb16fac503b634e92df17f374",
    "/assets/fonts/OpenSans-Italic.ttf": "051b6b2acbd0e33252870dc28045ba27ae0acd77",
    "/assets/fonts/OpenSans-Light.ttf": "448dbc1e8add1538f788c9e34cdb701ed25ac993",
    "/assets/fonts/OpenSans-LightItalic.ttf": "96925397a2560a1de4cf0984591a37f62aa6e8bb",
    "/assets/fonts/OpenSans-Medium.ttf": "f886dd439250f2a8a7326f3f6b433adf34c96fe8",
    "/assets/fonts/OpenSans-MediumItalic.ttf": "b845bb5a4e11ee484942b4b326d6bec37526933a",
    "/assets/fonts/OpenSans-Regular.ttf": "9a19a459ca7bca15d2de8269b80411f2b4a71ccf",
    "/assets/fonts/OpenSans-SemiBold.ttf": "30fcdd8f737e6a86abda2d643d2f23c5286c4663",
    "/assets/fonts/OpenSans-SemiBoldItalic.ttf": "4c5aa8cc443dc8d478f9126cd2c17720a3eeabfb",
    "/assets/icon/favicon.png": "7798b8e0eb61d7375c245af78bbf5c916932bf13",
    "/assets/icons/icon-128x128.png": "dae3b6ed49bdaf4327b92531d4b5b4a5d30c7532",
    "/assets/icons/icon-144x144.png": "b0bd89982e08f9bd2b642928f5391915b74799a7",
    "/assets/icons/icon-152x152.png": "7479a9477815dfd9668d60f8b3b2fba709b91310",
    "/assets/icons/icon-192x192.png": "1abd80d431a237a853ce38147d8c63752f10933b",
    "/assets/icons/icon-384x384.png": "329749cd6393768d3131ed6304c136b1ca05f2fd",
    "/assets/icons/icon-512x512.png": "559d9c4318b45a1f2b10596bbb4c960fe521dbcc",
    "/assets/icons/icon-72x72.png": "c457e56089a36952cd67156f9996bc4ce54a5ed9",
    "/assets/icons/icon-96x96.png": "3914125a4b445bf111c5627875fc190f560daa41",
    "/assets/sair.svg": "46ae283bfb80e7c04651fa3fb47b77f5707abf2a",
    "/assets/senha.svg": "bbba89dab7b08abcbd223419c0d2bddc7125e963",
    "/assets/shapes.svg": "5413e95adabcb2cb639970051f55e0ddb64ace53",
    "/assets/usuario.png": "af7afd7a9ffffdbbb73fa8f04c017b7654ebc556",
    "/assets/usuario.svg": "a0346b3ec91b6bb5a8db94fa34fc585b9213f1d2",
    "/common.a5e84e33171aa98a.js": "0ae4f1db71addf3f5a2f59c0ba7354522fd5037a",
    "/index.html": "bc6ae9f23fcc0f063642fe35e8da3d1a4f190f81",
    "/main.e5af9fd3a8fee614.js": "ce173a6306a289f08a7ac82913e8c3aecb1d3ec8",
    "/manifest.webmanifest": "4b0ffe8eb793d80e7ff58921fc2730ff21a1627d",
    "/polyfills-core-js.9b71ceed1de7450c.js": "468569373464d87d7b70e6e53a64e3de1e487d3f",
    "/polyfills-dom.5c5f23fb57b03028.js": "06f5dc30f55bf9a3d9c6f9bca07c0041a6bbdaa0",
    "/polyfills.d4788768f8be496e.js": "3cda53753ebe9ab6bb6fe6beb032e1a967ca5567",
    "/runtime.a209b92d2b69a771.js": "24f83d6b7a4442c8ac5830f22401ec7787773e0a",
    "/styles.861b31f15a86af9d.css": "68ad1b7b18b7b1c84bca8021d2a5596c5532669f"
  },
  "navigationUrls": [
    {
      "positive": true,
      "regex": "^\\/.*$"
    },
    {
      "positive": false,
      "regex": "^\\/(?:.+\\/)?[^/]*\\.[^/]*$"
    },
    {
      "positive": false,
      "regex": "^\\/(?:.+\\/)?[^/]*__[^/]*$"
    },
    {
      "positive": false,
      "regex": "^\\/(?:.+\\/)?[^/]*__[^/]*\\/.*$"
    }
  ],
  "navigationRequestStrategy": "performance"
}